avg_in,avg_out,date,max_in,max_out
47718234048,47719270880,2019-10-18T00:00:00Z,47718234048,47719270880
50041621944,50041177368,2019-10-19T00:00:00Z,50041621944,50041177368
46674203120,46673535896,2019-10-20T00:00:00Z,46674203120,46673535896
43633143080,43633471848,2019-10-21T00:00:00Z,43633143080,43633471848
45490987616,45492866856,2019-10-22T00:00:00Z,45490987616,45492866856
48537883704,48535824416,2019-10-23T00:00:00Z,48537883704,48535824416
50032605400,50033369584,2019-10-24T00:00:00Z,50032605400,50033369584
50534897032,50535316352,2019-10-25T00:00:00Z,50534897032,50535316352
50796202248,50795457192,2019-10-26T00:00:00Z,50796202248,50795457192
49266910768,49266994496,2019-10-27T00:00:00Z,49266910768,49266994496
49289130080,49287095320,2019-10-28T00:00:00Z,49289130080,49287095320
46705655112,46706609672,2019-10-29T00:00:00Z,46705655112,46706609672
55803541128,55803373944,2019-10-30T00:00:00Z,55803541128,55803373944
53705723896,53706987736,2019-10-31T00:00:00Z,53705723896,53706987736
51562201792,51564367200,2019-11-01T00:00:00Z,51562201792,51564367200
52016475208,52018044456,2019-11-02T00:00:00Z,52016475208,52018044456
49154464248,49155646344,2019-11-03T00:00:00Z,49154464248,49155646344
52588016648,52588590224,2019-11-04T00:00:00Z,52588016648,52588590224
54697532568,54699548056,2019-11-05T00:00:00Z,54697532568,54699548056
50389380600,50390991440,2019-11-06T00:00:00Z,50389380600,50390991440
52981335288,52977308496,2019-11-07T00:00:00Z,52981335288,52977308496
50168159056,50170747872,2019-11-08T00:00:00Z,50168159056,50170747872
50256026448,50258677432,2019-11-09T00:00:00Z,50256026448,50258677432
49630641248,49631697792,2019-11-10T00:00:00Z,49630641248,49631697792
51728313536,51729383960,2019-11-11T00:00:00Z,51728313536,51729383960
50464224448,50469955088,2019-11-12T00:00:00Z,50464224448,50469955088
51279527576,51283720552,2019-11-13T00:00:00Z,51279527576,51283720552
51471933376,51475976992,2019-11-14T00:00:00Z,51471933376,51475976992
48579989752,48586533832,2019-11-15T00:00:00Z,48579989752,48586533832
50399204440,50403415040,2019-11-16T00:00:00Z,50399204440,50403415040
45562257392,45564966848,2019-11-17T00:00:00Z,45562257392,45564966848
45549980720,45553849512,2019-11-18T00:00:00Z,45549980720,45553849512
47802978688,47810568896,2019-11-19T00:00:00Z,47802978688,47810568896
48927053896,48931544680,2019-11-20T00:00:00Z,48927053896,48931544680
51055052096,51060158592,2019-11-21T00:00:00Z,51055052096,51060158592
51255579864,51261441568,2019-11-22T00:00:00Z,51255579864,51261441568
51104757432,51106595704,2019-11-23T00:00:00Z,51104757432,51106595704
48764906968,48768103232,2019-11-24T00:00:00Z,48764906968,48768103232
50631299296,50636335472,2019-11-25T00:00:00Z,50631299296,50636335472
51557964288,51567646104,2019-11-26T00:00:00Z,51557964288,51567646104
53617698264,53619445232,2019-11-27T00:00:00Z,53617698264,53619445232
52427540376,52435327400,2019-11-28T00:00:00Z,52427540376,52435327400
53041639144,53044115288,2019-11-29T00:00:00Z,53041639144,53044115288
51476426880,51483267992,2019-11-30T00:00:00Z,51476426880,51483267992
51236959816,51227628504,2019-12-01T00:00:00Z,51236959816,51227628504
51737027448,51738928568,2019-12-02T00:00:00Z,51737027448,51738928568
48328811024,48249688824,2019-12-03T00:00:00Z,48328811024,48249688824
49588600816,49597945704,2019-12-04T00:00:00Z,49588600816,49597945704
51275304128,51284600888,2019-12-05T00:00:00Z,51275304128,51284600888
49904711680,48574915784,2019-12-06T00:00:00Z,49904711680,48574915784
51951949512,47463659960,2019-12-07T00:00:00Z,51951949512,47463659960
49287321064,48905684408,2019-12-08T00:00:00Z,49287321064,48905684408
47414733072,47408828680,2019-12-09T00:00:00Z,47414733072,47408828680
49638216072,49645472456,2019-12-10T00:00:00Z,49638216072,49645472456
52662610624,52668067184,2019-12-11T00:00:00Z,52662610624,52668067184
58154738992,58150531848,2019-12-12T00:00:00Z,58154738992,58150531848
59343561920,59331346824,2019-12-13T00:00:00Z,59343561920,59331346824
60759593784,60752964080,2019-12-14T00:00:00Z,60759593784,60752964080
59550269416,59546914576,2019-12-15T00:00:00Z,59550269416,59546914576
50287889272,50290974952,2019-12-16T00:00:00Z,50287889272,50290974952
49640447168,49646081680,2019-12-17T00:00:00Z,49640447168,49646081680
54278213216,54280089088,2019-12-18T00:00:00Z,54278213216,54280089088
55782460496,55787637152,2019-12-19T00:00:00Z,55782460496,55787637152
55564517232,55567477984,2019-12-20T00:00:00Z,55564517232,55567477984
53191480168,53195956064,2019-12-21T00:00:00Z,53191480168,53195956064
50090217656,50092961552,2019-12-22T00:00:00Z,50090217656,50092961552
59715783864,59719381712,2019-12-23T00:00:00Z,59715783864,59719381712
65065017608,65058700368,2019-12-24T00:00:00Z,65065017608,65058700368
66759848984,66757024448,2019-12-25T00:00:00Z,66759848984,66757024448
61399325144,61401242848,2019-12-26T00:00:00Z,61399325144,61401242848
63317681096,63317589968,2019-12-27T00:00:00Z,63317681096,63317589968
69158942280,69161238968,2019-12-28T00:00:00Z,69158942280,69161238968
71512414424,71516912632,2019-12-29T00:00:00Z,71512414424,71516912632
71675954960,71649557792,2019-12-30T00:00:00Z,71675954960,71649557792
73388119192,73382873912,2019-12-31T00:00:00Z,73388119192,73382873912
66323806752,66325258304,2020-01-01T00:00:00Z,66323806752,66325258304
68544090400,68545563072,2020-01-02T00:00:00Z,68544090400,68545563072
76102191576,76105097520,2020-01-03T00:00:00Z,76102191576,76105097520
73747405216,73844198392,2020-01-04T00:00:00Z,73747405216,73844198392
69186248240,69449510968,2020-01-05T00:00:00Z,69186248240,69449510968
73777606984,74032659248,2020-01-06T00:00:00Z,73777606984,74032659248
70719106768,70986650464,2020-01-07T00:00:00Z,70719106768,70986650464
71691788256,73165374264,2020-01-08T00:00:00Z,71691788256,73165374264
71401967928,71897681352,2020-01-09T00:00:00Z,71401967928,71897681352
68705712288,69251875608,2020-01-10T00:00:00Z,68705712288,69251875608
67941791632,68276156936,2020-01-11T00:00:00Z,67941791632,68276156936
67998703496,68258129032,2020-01-12T00:00:00Z,67998703496,68258129032
68469093464,68732325776,2020-01-13T00:00:00Z,68469093464,68732325776
66707092064,66975536240,2020-01-14T00:00:00Z,66707092064,66975536240
66825979968,66728061720,2020-01-15T00:00:00Z,66825979968,66728061720
81332502872,81537384288,2020-01-16T00:00:00Z,81332502872,81537384288
76102411096,76254668248,2020-01-17T00:00:00Z,76102411096,76254668248
76807721752,76944823288,2020-01-18T00:00:00Z,76807721752,76944823288
73011092208,73159058720,2020-01-19T00:00:00Z,73011092208,73159058720
72678489032,72819873992,2020-01-20T00:00:00Z,72678489032,72819873992
70387883024,70526161816,2020-01-21T00:00:00Z,70387883024,70526161816
69008261688,69191221520,2020-01-22T00:00:00Z,69008261688,69191221520
74391146408,74554144480,2020-01-23T00:00:00Z,74391146408,74554144480
76171325528,76308869096,2020-01-24T00:00:00Z,76171325528,76308869096
75297839280,75538583576,2020-01-25T00:00:00Z,75297839280,75538583576
71649411472,71899746336,2020-01-26T00:00:00Z,71649411472,71899746336
71671515992,71934549616,2020-01-27T00:00:00Z,71671515992,71934549616
71081292712,71319657544,2020-01-28T00:00:00Z,71081292712,71319657544
71901394264,71958437840,2020-01-29T00:00:00Z,71901394264,71958437840
71272647584,71565303520,2020-01-30T00:00:00Z,71272647584,71565303520
73746594584,74024607152,2020-01-31T00:00:00Z,73746594584,74024607152
66930399504,67737693400,2020-02-01T00:00:00Z,66930399504,67737693400
63881457200,64055820736,2020-02-02T00:00:00Z,63881457200,64055820736
62616630592,62777337168,2020-02-03T00:00:00Z,62616630592,62777337168
62905565672,63098401088,2020-02-04T00:00:00Z,62905565672,63098401088
68663600616,68925104088,2020-02-05T00:00:00Z,68663600616,68925104088
78855099712,79184377248,2020-02-06T00:00:00Z,78855099712,79184377248
81352433432,81539489920,2020-02-07T00:00:00Z,81352433432,81539489920
79068086488,79320882648,2020-02-08T00:00:00Z,79068086488,79320882648
74923892720,75237149376,2020-02-09T00:00:00Z,74923892720,75237149376
73197528168,73453421816,2020-02-10T00:00:00Z,73197528168,73453421816
75489940632,75762793144,2020-02-11T00:00:00Z,75489940632,75762793144
75922674736,76241584176,2020-02-12T00:00:00Z,75922674736,76241584176
86873716328,87101136880,2020-02-13T00:00:00Z,86873716328,87101136880
79207729176,79488739640,2020-02-14T00:00:00Z,79207729176,79488739640
78927671688,79089025032,2020-02-15T00:00:00Z,78927671688,79089025032
74566028264,74722072064,2020-02-16T00:00:00Z,74566028264,74722072064
73916159392,74086003128,2020-02-17T00:00:00Z,73916159392,74086003128
74398458992,74602599720,2020-02-18T00:00:00Z,74398458992,74602599720
74384955224,74555458312,2020-02-19T00:00:00Z,74384955224,74555458312
74499773520,74654458832,2020-02-20T00:00:00Z,74499773520,74654458832
86800093320,86530300656,2020-02-21T00:00:00Z,86800093320,86530300656
82990122424,82997608400,2020-02-22T00:00:00Z,82990122424,82997608400
75953906064,75962383456,2020-02-23T00:00:00Z,75953906064,75962383456
72810033840,72815554720,2020-02-24T00:00:00Z,72810033840,72815554720
70359963072,70368334888,2020-02-25T00:00:00Z,70359963072,70368334888
74321179104,74330632744,2020-02-26T00:00:00Z,74321179104,74330632744
75787016160,75789690424,2020-02-27T00:00:00Z,75787016160,75789690424
79768375680,79764368536,2020-02-28T00:00:00Z,79768375680,79764368536
76214391736,76207601464,2020-02-29T00:00:00Z,76214391736,76207601464
69163729400,69167256392,2020-03-01T00:00:00Z,69163729400,69167256392
68626234816,68620446256,2020-03-02T00:00:00Z,68626234816,68620446256
62488755664,62495265752,2020-03-03T00:00:00Z,62488755664,62495265752
78364120096,78826554136,2020-03-04T00:00:00Z,78364120096,78826554136
86282463312,87384152032,2020-03-05T00:00:00Z,86282463312,87384152032
80889137256,81973166248,2020-03-06T00:00:00Z,80889137256,81973166248
79988343824,81075502728,2020-03-07T00:00:00Z,79988343824,81075502728
76911936696,78312258256,2020-03-08T00:00:00Z,76911936696,78312258256
74124493992,75227330984,2020-03-09T00:00:00Z,74124493992,75227330984
75522489856,76694035256,2020-03-10T00:00:00Z,75522489856,76694035256
88515154824,89542620464,2020-03-11T00:00:00Z,88515154824,89542620464
91769068376,92889498392,2020-03-12T00:00:00Z,91769068376,92889498392
81415453936,82484728336,2020-03-13T00:00:00Z,81415453936,82484728336
81917249944,83131363304,2020-03-14T00:00:00Z,81917249944,83131363304
73427441808,74741031352,2020-03-15T00:00:00Z,73427441808,74741031352
74961322696,76234655912,2020-03-16T00:00:00Z,74961322696,76234655912
91660983048,92944832336,2020-03-17T00:00:00Z,91660983048,92944832336
95690326000,96863397176,2020-03-18T00:00:00Z,95690326000,96863397176
93414885768,94575657040,2020-03-19T00:00:00Z,93414885768,94575657040
95650539600,96818429408,2020-03-20T00:00:00Z,95650539600,96818429408
93992255912,95216342288,2020-03-21T00:00:00Z,93992255912,95216342288
82080769256,83328621464,2020-03-22T00:00:00Z,82080769256,83328621464
79011393784,80254184272,2020-03-23T00:00:00Z,79011393784,80254184272
95745748400,97073669800,2020-03-24T00:00:00Z,95745748400,97073669800
101288284232,102648095616,2020-03-25T00:00:00Z,101288284232,102648095616
96049533584,97383497216,2020-03-26T00:00:00Z,96049533584,97383497216
131772808928,133163379352,2020-03-27T00:00:00Z,131772808928,133163379352
150701000528,151473645480,2020-03-28T00:00:00Z,150701000528,151473645480
119081349240,119092199528,2020-03-29T00:00:00Z,119081349240,119092199528
108408037144,108420264480,2020-03-30T00:00:00Z,108408037144,108420264480
123896516272,123906141128,2020-03-31T00:00:00Z,123896516272,123906141128
131830762608,131827973648,2020-04-01T00:00:00Z,131830762608,131827973648
128821765288,128813686872,2020-04-02T00:00:00Z,128821765288,128813686872
126288045920,126272350224,2020-04-03T00:00:00Z,126288045920,126272350224
126201096440,126184418576,2020-04-04T00:00:00Z,126201096440,126184418576
111227718608,111231435400,2020-04-05T00:00:00Z,111227718608,111231435400
105113163992,105118574296,2020-04-06T00:00:00Z,105113163992,105118574296
122185888160,122170999400,2020-04-07T00:00:00Z,122185888160,122170999400
133366555200,133359231296,2020-04-08T00:00:00Z,133366555200,133359231296
158350729088,158321089816,2020-04-09T00:00:00Z,158350729088,158321089816
133242917688,133228417688,2020-04-10T00:00:00Z,133242917688,133228417688
118444286952,118431991584,2020-04-11T00:00:00Z,118444286952,118431991584
105276078208,105270794128,2020-04-12T00:00:00Z,105276078208,105270794128
99154307544,99150280480,2020-04-13T00:00:00Z,99154307544,99150280480
111028972824,111019087400,2020-04-14T00:00:00Z,111028972824,111019087400
113109588680,113097158216,2020-04-15T00:00:00Z,113109588680,113097158216
124570486032,124550996112,2020-04-16T00:00:00Z,124570486032,124550996112
116175150248,116168267552,2020-04-17T00:00:00Z,116175150248,116168267552
111546432712,111543277840,2020-04-18T00:00:00Z,111546432712,111543277840
104806175504,104805673720,2020-04-19T00:00:00Z,104806175504,104805673720
94803520208,94800772368,2020-04-20T00:00:00Z,94803520208,94800772368
99636294736,99633525368,2020-04-21T00:00:00Z,99636294736,99633525368
115239913544,115227870768,2020-04-22T00:00:00Z,115239913544,115227870768
115456959360,115440605152,2020-04-23T00:00:00Z,115456959360,115440605152
114705919056,114694527272,2020-04-24T00:00:00Z,114705919056,114694527272
112469296480,112439078856,2020-04-25T00:00:00Z,112469296480,112439078856
97734505472,97719496384,2020-04-26T00:00:00Z,97734505472,97719496384
93239166040,93232712480,2020-04-27T00:00:00Z,93239166040,93232712480
105381597192,105370761528,2020-04-28T00:00:00Z,105381597192,105370761528
106778678656,106779793848,2020-04-29T00:00:00Z,106778678656,106779793848
136628526528,136617894944,2020-04-30T00:00:00Z,136628526528,136617894944
122372888064,122370213216,2020-05-01T00:00:00Z,122372888064,122370213216
96084538976,96083664400,2020-05-02T00:00:00Z,96084538976,96083664400
90816263792,90814462552,2020-05-03T00:00:00Z,90816263792,90814462552
91138708072,91136883096,2020-05-04T00:00:00Z,91138708072,91136883096
103447705896,103444560696,2020-05-05T00:00:00Z,103447705896,103444560696
109830824424,109827005720,2020-05-06T00:00:00Z,109830824424,109827005720
102803944704,102804916304,2020-05-07T00:00:00Z,102803944704,102804916304
103747211240,103745773864,2020-05-08T00:00:00Z,103747211240,103745773864
85771139424,85769558464,2020-05-09T00:00:00Z,85771139424,85769558464
67042770032,67043213456,2020-05-10T00:00:00Z,67042770032,67043213456
64405743872,64405100552,2020-05-11T00:00:00Z,64405743872,64405100552
86080313256,86080162336,2020-05-12T00:00:00Z,86080313256,86080162336
95987466288,95987539624,2020-05-13T00:00:00Z,95987466288,95987539624
94467698904,94477859984,2020-05-14T00:00:00Z,94467698904,94477859984
89883768304,89883887224,2020-05-15T00:00:00Z,89883768304,89883887224
105262875856,104895389232,2020-05-16T00:00:00Z,105262875856,104895389232
82067067864,82068927864,2020-05-17T00:00:00Z,82067067864,82068927864
76953805576,76955269248,2020-05-18T00:00:00Z,76953805576,76955269248
86182950376,86184077624,2020-05-19T00:00:00Z,86182950376,86184077624
108924490792,108925900256,2020-05-20T00:00:00Z,108924490792,108925900256
100523487432,100525087912,2020-05-21T00:00:00Z,100523487432,100525087912
90654063352,90656185576,2020-05-22T00:00:00Z,90654063352,90656185576
87564334936,87564732032,2020-05-23T00:00:00Z,87564334936,87564732032
73399688048,73402273584,2020-05-24T00:00:00Z,73399688048,73402273584
69460624208,69463194768,2020-05-25T00:00:00Z,69460624208,69463194768
81287419488,81289235520,2020-05-26T00:00:00Z,81287419488,81289235520
97436545072,97438174320,2020-05-27T00:00:00Z,97436545072,97438174320
94895449776,94896848264,2020-05-28T00:00:00Z,94895449776,94896848264
97792214832,97792855880,2020-05-29T00:00:00Z,97792214832,97792855880
93642981640,93645208752,2020-05-30T00:00:00Z,93642981640,93645208752
82621993632,82623507056,2020-05-31T00:00:00Z,82621993632,82623507056
79689618504,79690818520,2020-06-01T00:00:00Z,79689618504,79690818520
89033978752,89035586936,2020-06-02T00:00:00Z,89033978752,89035586936
89429546040,89431917584,2020-06-03T00:00:00Z,89429546040,89431917584
90384976584,90385889712,2020-06-04T00:00:00Z,90384976584,90385889712
86989610048,86985932032,2020-06-05T00:00:00Z,86989610048,86985932032
84644403488,84646685072,2020-06-06T00:00:00Z,84644403488,84646685072
76923069048,76924088456,2020-06-07T00:00:00Z,76923069048,76924088456
71953176440,71955371344,2020-06-08T00:00:00Z,71953176440,71955371344
72394492704,72396759912,2020-06-09T00:00:00Z,72394492704,72396759912
60004600872,60006559048,2020-06-10T00:00:00Z,60004600872,60006559048
88798836888,88800162760,2020-06-11T00:00:00Z,88798836888,88800162760
110761721296,110756988392,2020-06-12T00:00:00Z,110761721296,110756988392
98968528576,98970768144,2020-06-13T00:00:00Z,98968528576,98970768144
81413701400,81415742288,2020-06-14T00:00:00Z,81413701400,81415742288
52391172816,52393062944,2020-06-15T00:00:00Z,52391172816,52393062944
84626360784,84627900128,2020-06-16T00:00:00Z,84626360784,84627900128
87061686936,87063535888,2020-06-17T00:00:00Z,87061686936,87063535888
120020781840,119991609848,2020-06-18T00:00:00Z,120020781840,119991609848
91078211912,91078824728,2020-06-19T00:00:00Z,91078211912,91078824728
89936562136,89938266240,2020-06-20T00:00:00Z,89936562136,89938266240
77596547464,77597611040,2020-06-21T00:00:00Z,77596547464,77597611040
75728404064,75730748936,2020-06-22T00:00:00Z,75728404064,75730748936
84017225568,84019404768,2020-06-23T00:00:00Z,84017225568,84019404768
86728748008,86730339632,2020-06-24T00:00:00Z,86728748008,86730339632
88108048392,88109012280,2020-06-25T00:00:00Z,88108048392,88109012280
81251498024,81253196328,2020-06-26T00:00:00Z,81251498024,81253196328
80436175480,80440472808,2020-06-27T00:00:00Z,80436175480,80440472808
73263231632,73261851032,2020-06-28T00:00:00Z,73263231632,73261851032
72247746952,72249436520,2020-06-29T00:00:00Z,72247746952,72249436520
86379585752,86380723640,2020-06-30T00:00:00Z,86379585752,86380723640
114298978800,114295122504,2020-07-01T00:00:00Z,114298978800,114295122504
95694219816,95694165656,2020-07-02T00:00:00Z,95694219816,95694165656
88703058048,98232674664,2020-07-03T00:00:00Z,88703058048,98232674664
87127579920,125282187296,2020-07-04T00:00:00Z,87127579920,125282187296
72584992784,107777348616,2020-07-05T00:00:00Z,72584992784,107777348616
74223227424,108050812880,2020-07-06T00:00:00Z,74223227424,108050812880
87003139040,130102608936,2020-07-07T00:00:00Z,87003139040,130102608936
96955567408,153848689240,2020-07-08T00:00:00Z,96955567408,153848689240
99181409784,158017345944,2020-07-09T00:00:00Z,99181409784,158017345944
93357210144,134101430328,2020-07-10T00:00:00Z,93357210144,134101430328
90490300648,114297535864,2020-07-11T00:00:00Z,90490300648,114297535864
74618235112,92144361448,2020-07-12T00:00:00Z,74618235112,92144361448
76191015184,92784916632,2020-07-13T00:00:00Z,76191015184,92784916632
88687270952,110613644624,2020-07-14T00:00:00Z,88687270952,110613644624
88338181304,110347626112,2020-07-15T00:00:00Z,88338181304,110347626112
89926249344,112519119200,2020-07-16T00:00:00Z,89926249344,112519119200
87132952904,110152278488,2020-07-17T00:00:00Z,87132952904,110152278488
79514429176,98285940728,2020-07-18T00:00:00Z,79514429176,98285940728
69544010768,85829007680,2020-07-19T00:00:00Z,69544010768,85829007680
69461733800,84940412152,2020-07-20T00:00:00Z,69461733800,84940412152
82236425200,102651449864,2020-07-21T00:00:00Z,82236425200,102651449864
90748864752,116842060744,2020-07-22T00:00:00Z,90748864752,116842060744
92042803768,119247063592,2020-07-23T00:00:00Z,92042803768,119247063592
90425813728,117103353864,2020-07-24T00:00:00Z,90425813728,117103353864
85717650192,109595551744,2020-07-25T00:00:00Z,85717650192,109595551744
72659531496,92231538112,2020-07-26T00:00:00Z,72659531496,92231538112
71975562240,90859466960,2020-07-27T00:00:00Z,71975562240,90859466960
84409139248,107809068704,2020-07-28T00:00:00Z,84409139248,107809068704
88283331840,116114330152,2020-07-29T00:00:00Z,88283331840,116114330152
89883660384,92714574600,2020-07-30T00:00:00Z,89883660384,92714574600
87411227432,87410001728,2020-07-31T00:00:00Z,87411227432,87410001728
85933020016,85932204304,2020-08-01T00:00:00Z,85933020016,85932204304
73981795656,73980763352,2020-08-02T00:00:00Z,73981795656,73980763352
71871682600,71871263768,2020-08-03T00:00:00Z,71871682600,71871263768
87243944776,87241942184,2020-08-04T00:00:00Z,87243944776,87241942184
94081371816,94080739752,2020-08-05T00:00:00Z,94081371816,94080739752
96362684320,96362725224,2020-08-06T00:00:00Z,96362684320,96362725224
96144219320,96143178200,2020-08-07T00:00:00Z,96144219320,96143178200
93895398416,93894519008,2020-08-08T00:00:00Z,93895398416,93894519008
81191486672,81190831456,2020-08-09T00:00:00Z,81191486672,81190831456
76454875704,76454460256,2020-08-10T00:00:00Z,76454875704,76454460256
84788053336,84786899792,2020-08-11T00:00:00Z,84788053336,84786899792
84729844192,84728159840,2020-08-12T00:00:00Z,84729844192,84728159840
84579391784,84578719184,2020-08-13T00:00:00Z,84579391784,84578719184
83949014128,83948012720,2020-08-14T00:00:00Z,83949014128,83948012720
84033551104,84032731624,2020-08-15T00:00:00Z,84033551104,84032731624
73964524040,73964109456,2020-08-16T00:00:00Z,73964524040,73964109456
74628992784,74628553568,2020-08-17T00:00:00Z,74628992784,74628553568
84429128984,84428042616,2020-08-18T00:00:00Z,84429128984,84428042616
94322788224,94321874992,2020-08-19T00:00:00Z,94322788224,94321874992
91458554072,91457162696,2020-08-20T00:00:00Z,91458554072,91457162696
88142820440,88141377336,2020-08-21T00:00:00Z,88142820440,88141377336
87870944240,87868877152,2020-08-22T00:00:00Z,87870944240,87868877152
79475784616,79475034216,2020-08-23T00:00:00Z,79475784616,79475034216
76083534112,76082993424,2020-08-24T00:00:00Z,76083534112,76082993424
91150082496,91149757736,2020-08-25T00:00:00Z,91150082496,91149757736
101880280056,101878862232,2020-08-26T00:00:00Z,101880280056,101878862232
98525182656,98523467456,2020-08-27T00:00:00Z,98525182656,98523467456
135175463952,135088325232,2020-08-28T00:00:00Z,135175463952,135088325232
109773176480,109771519184,2020-08-29T00:00:00Z,109773176480,109771519184
91518242024,91517349288,2020-08-30T00:00:00Z,91518242024,91517349288
88046107080,88012809504,2020-08-31T00:00:00Z,88046107080,88012809504
102540609072,102539031064,2020-09-01T00:00:00Z,102540609072,102539031064
106901395280,106899468376,2020-09-02T00:00:00Z,106901395280,106899468376
107302361696,107301175840,2020-09-03T00:00:00Z,107302361696,107301175840
105544641072,105399101072,2020-09-04T00:00:00Z,105544641072,105399101072
104274410000,104272716680,2020-09-05T00:00:00Z,104274410000,104272716680
90753881856,90752311792,2020-09-06T00:00:00Z,90753881856,90752311792
88032364352,88032001752,2020-09-07T00:00:00Z,88032364352,88032001752
102114671056,102112927736,2020-09-08T00:00:00Z,102114671056,102112927736
102578080848,102576637800,2020-09-09T00:00:00Z,102578080848,102576637800
104203302896,104202412144,2020-09-10T00:00:00Z,104203302896,104202412144
126879207072,127205039552,2020-09-11T00:00:00Z,126879207072,127205039552
110481807144,110536154808,2020-09-12T00:00:00Z,110481807144,110536154808
94954479568,94950243216,2020-09-13T00:00:00Z,94954479568,94950243216
92718607736,92717371776,2020-09-14T00:00:00Z,92718607736,92717371776
99791645088,99803728624,2020-09-15T00:00:00Z,99791645088,99803728624
98798072184,98818689648,2020-09-16T00:00:00Z,98798072184,98818689648
99729382352,102360274040,2020-09-17T00:00:00Z,99729382352,102360274040
101271712648,103591867024,2020-09-18T00:00:00Z,101271712648,103591867024
113127674960,113141681968,2020-09-19T00:00:00Z,113127674960,113141681968
103328366776,103323918568,2020-09-20T00:00:00Z,103328366776,103323918568
95179913816,97297473264,2020-09-21T00:00:00Z,95179913816,97297473264
102018377608,102017507680,2020-09-22T00:00:00Z,102018377608,102017507680
102599801288,102598493472,2020-09-23T00:00:00Z,102599801288,102598493472
118100455408,118095880696,2020-09-24T00:00:00Z,118100455408,118095880696
119626732760,120187368464,2020-09-25T00:00:00Z,119626732760,120187368464
112366514632,112918288680,2020-09-26T00:00:00Z,112366514632,112918288680
107369349376,108029527168,2020-09-27T00:00:00Z,107369349376,108029527168
100049100784,100766984608,2020-09-28T00:00:00Z,100049100784,100766984608
111579784000,112269680440,2020-09-29T00:00:00Z,111579784000,112269680440
114100946816,114654016944,2020-09-30T00:00:00Z,114100946816,114654016944
94606637296,95243067880,2020-10-01T00:00:00Z,94606637296,95243067880
109118174904,109834846824,2020-10-02T00:00:00Z,109118174904,109834846824
109008350064,109666740712,2020-10-03T00:00:00Z,109008350064,109666740712
100530259944,101248503904,2020-10-04T00:00:00Z,100530259944,101248503904
97196068536,97909802424,2020-10-05T00:00:00Z,97196068536,97909802424
105447046312,106348565016,2020-10-06T00:00:00Z,105447046312,106348565016
104739289920,105592278320,2020-10-07T00:00:00Z,104739289920,105592278320
107191294768,108019158760,2020-10-08T00:00:00Z,107191294768,108019158760
101648472632,101181899136,2020-10-09T00:00:00Z,101648472632,101181899136
112643393632,112641404336,2020-10-10T00:00:00Z,112643393632,112641404336
102143308288,102141428176,2020-10-11T00:00:00Z,102143308288,102141428176
97186588752,97184652912,2020-10-12T00:00:00Z,97186588752,97184652912
108414052592,108416213248,2020-10-13T00:00:00Z,108414052592,108416213248
117052145896,117706990848,2020-10-14T00:00:00Z,117052145896,117706990848
110680507136,111686498304,2020-10-15T00:00:00Z,110680507136,111686498304
110188028456,111190940920,2020-10-16T00:00:00Z,110188028456,111190940920
56108780248,56656555088,2020-10-17T00:00:00Z,56108780248,56656555088
56637054456,57485989152,2020-10-18T00:00:00Z,56637054456,57485989152
52746258672,53296485520,2020-10-19T00:00:00Z,52746258672,53296485520
47719308152,48235174072,2020-10-20T00:00:00Z,47719308152,48235174072
49959566560,50497188952,2020-10-21T00:00:00Z,49959566560,50497188952
61644229400,62175594256,2020-10-22T00:00:00Z,61644229400,62175594256
44665791176,45048521344,2020-10-23T00:00:00Z,44665791176,45048521344
52820743032,53326603512,2020-10-24T00:00:00Z,52820743032,53326603512
55305987592,55793654648,2020-10-25T00:00:00Z,55305987592,55793654648
66387468448,66391707256,2020-11-02T00:00:00Z,66387468448,66391707256
70686421640,70617199504,2020-11-03T00:00:00Z,70686421640,70617199504
80880870120,80901002520,2020-11-04T00:00:00Z,80880870120,80901002520
76905401248,76910292904,2020-11-05T00:00:00Z,76905401248,76910292904
84229756096,84288582448,2020-11-06T00:00:00Z,84229756096,84288582448
94277385528,94243441256,2020-11-07T00:00:00Z,94277385528,94243441256
105560040040,105576537712,2020-11-08T00:00:00Z,105560040040,105576537712
99392219400,99383219576,2020-11-09T00:00:00Z,99392219400,99383219576
104906790984,104908250448,2020-11-10T00:00:00Z,104906790984,104908250448
113376098664,113288167584,2020-11-11T00:00:00Z,113376098664,113288167584
80643503048,80612288752,2020-11-12T00:00:00Z,80643503048,80612288752
92472112248,92488389648,2020-11-13T00:00:00Z,92472112248,92488389648
93774422912,93847573384,2020-11-14T00:00:00Z,93774422912,93847573384
102488924792,102507909880,2020-11-15T00:00:00Z,102488924792,102507909880
84247705688,84224833384,2020-11-16T00:00:00Z,84247705688,84224833384
90779962464,90686941728,2020-11-17T00:00:00Z,90779962464,90686941728
88411366136,88465728936,2020-11-19T00:00:00Z,88411366136,88465728936
98738924032,98697538776,2020-11-20T00:00:00Z,98738924032,98697538776
117166864312,117017800584,2020-11-21T00:00:00Z,117166864312,117017800584
116976456968,117173547712,2020-11-22T00:00:00Z,116976456968,117173547712
100967096152,100859511720,2020-11-23T00:00:00Z,100967096152,100859511720
94589188848,94594659368,2020-11-24T00:00:00Z,94589188848,94594659368
100346357368,100496747264,2020-11-25T00:00:00Z,100346357368,100496747264
98511020448,98548780168,2020-11-26T00:00:00Z,98511020448,98548780168
105128388472,105132560320,2020-11-27T00:00:00Z,105128388472,105132560320
110057015216,110141723160,2020-11-28T00:00:00Z,110057015216,110141723160
112674692608,112610006288,2020-11-29T00:00:00Z,112674692608,112610006288
95963923720,95998035496,2020-11-30T00:00:00Z,95963923720,95998035496
95985039392,96027709272,2020-12-01T00:00:00Z,95985039392,96027709272
113663214328,113756150672,2020-12-02T00:00:00Z,113663214328,113756150672
110387638112,108908002344,2020-12-03T00:00:00Z,110387638112,108908002344
112228741776,110262840480,2020-12-04T00:00:00Z,112228741776,110262840480
119122056248,119054817776,2020-12-05T00:00:00Z,119122056248,119054817776
119311327864,119294809336,2020-12-06T00:00:00Z,119311327864,119294809336
100150874512,100184569024,2020-12-07T00:00:00Z,100150874512,100184569024
103916533632,103787344368,2020-12-08T00:00:00Z,103916533632,103787344368
106794896680,106549763704,2020-12-09T00:00:00Z,106794896680,106549763704
114189873800,114200273288,2020-12-10T00:00:00Z,114189873800,114200273288
67197385120,66942392232,2020-12-11T00:00:00Z,67197385120,66942392232
116979576968,116713902976,2020-12-12T00:00:00Z,116979576968,116713902976
120737080688,120831408928,2020-12-13T00:00:00Z,120737080688,120831408928
99982038928,100086140800,2020-12-14T00:00:00Z,99982038928,100086140800
94883978560,94852627184,2020-12-15T00:00:00Z,94883978560,94852627184
118664636040,118163986912,2020-12-16T00:00:00Z,118664636040,118163986912
110802636496,110860148312,2020-12-17T00:00:00Z,110802636496,110860148312
122776679552,122736374800,2020-12-18T00:00:00Z,122776679552,122736374800
134587461704,134533676080,2020-12-19T00:00:00Z,134587461704,134533676080
137172022968,137094589152,2020-12-20T00:00:00Z,137172022968,137094589152
